<?xml version="1.0" encoding="UTF-8"?>
<GenRun Id="impl_1" LaunchPart="xc7a35tcpg236-1" LaunchTime="1508533286">
  <File Type="ROUTE-PWR-RPX" Name="Lab3Top_power_routed.rpx"/>
  <File Type="PA-TCL" Name="Lab3Top.tcl"/>
  <File Type="INIT-TIMING" Name="Lab3Top_timing_summary_init.rpt"/>
  <File Type="OPT-METHODOLOGY-DRC" Name="Lab3Top_methodology_drc_opted.rpt"/>
  <File Type="PWROPT-DRC" Name="Lab3Top_drc_pwropted.rpt"/>
  <File Type="RDI-RDI" Name="Lab3Top.vdi"/>
  <File Type="OPT-DCP" Name="Lab3Top_opt.dcp"/>
  <File Type="OPT-HWDEF" Name="Lab3Top.hwdef"/>
  <File Type="OPT-DRC" Name="Lab3Top_drc_opted.rpt"/>
  <File Type="OPT-TIMING" Name="Lab3Top_timing_summary_opted.rpt"/>
  <File Type="PWROPT-DCP" Name="Lab3Top_pwropt.dcp"/>
  <File Type="PWROPT-TIMING" Name="Lab3Top_timing_summary_pwropted.rpt"/>
  <File Type="PLACE-DCP" Name="Lab3Top_placed.dcp"/>
  <File Type="PLACE-IO" Name="Lab3Top_io_placed.rpt"/>
  <File Type="PLACE-CLK" Name="Lab3Top_clock_utilization_placed.rpt"/>
  <File Type="PLACE-UTIL" Name="Lab3Top_utilization_placed.rpt"/>
  <File Type="PLACE-UTIL-PB" Name="Lab3Top_utilization_placed.pb"/>
  <File Type="PLACE-CTRL" Name="Lab3Top_control_sets_placed.rpt"/>
  <File Type="PLACE-SIMILARITY" Name="Lab3Top_incremental_reuse_placed.rpt"/>
  <File Type="PLACE-PRE-SIMILARITY" Name="Lab3Top_incremental_reuse_pre_placed.rpt"/>
  <File Type="PLACE-TIMING" Name="Lab3Top_timing_summary_placed.rpt"/>
  <File Type="POSTPLACE-PWROPT-DCP" Name="Lab3Top_postplace_pwropt.dcp"/>
  <File Type="POSTPLACE-PWROPT-TIMING" Name="Lab3Top_timing_summary_postplace_pwropted.rpt"/>
  <File Type="PHYSOPT-DCP" Name="Lab3Top_physopt.dcp"/>
  <File Type="PHYSOPT-DRC" Name="Lab3Top_drc_physopted.rpt"/>
  <File Type="PHYSOPT-TIMING" Name="Lab3Top_timing_summary_physopted.rpt"/>
  <File Type="ROUTE-ERROR-DCP" Name="Lab3Top_routed_error.dcp"/>
  <File Type="ROUTE-DCP" Name="Lab3Top_routed.dcp"/>
  <File Type="ROUTE-BLACKBOX-DCP" Name="Lab3Top_routed_bb.dcp"/>
  <File Type="ROUTE-DRC" Name="Lab3Top_drc_routed.rpt"/>
  <File Type="ROUTE-DRC-PB" Name="Lab3Top_drc_routed.pb"/>
  <File Type="ROUTE-DRC-RPX" Name="Lab3Top_drc_routed.rpx"/>
  <File Type="BG-BIN" Name="Lab3Top.bin"/>
  <File Type="ROUTE-METHODOLOGY-DRC" Name="Lab3Top_methodology_drc_routed.rpt"/>
  <File Type="BG-DRC" Name="Lab3Top.drc"/>
  <File Type="ROUTE-METHODOLOGY-DRC-RPX" Name="Lab3Top_methodology_drc_routed.rpx"/>
  <File Type="BITSTR-MSK" Name="Lab3Top.msk"/>
  <File Type="ROUTE-METHODOLOGY-DRC-PB" Name="Lab3Top_methodology_drc_routed.pb"/>
  <File Type="BG-BGN" Name="Lab3Top.bgn"/>
  <File Type="ROUTE-PWR" Name="Lab3Top_power_routed.rpt"/>
  <File Type="ROUTE-PWR-SUM" Name="Lab3Top_power_summary_routed.pb"/>
  <File Type="ROUTE-STATUS" Name="Lab3Top_route_status.rpt"/>
  <File Type="ROUTE-STATUS-PB" Name="Lab3Top_route_status.pb"/>
  <File Type="ROUTE-TIMINGSUMMARY" Name="Lab3Top_timing_summary_routed.rpt"/>
  <File Type="ROUTE-TIMING-PB" Name="Lab3Top_timing_summary_routed.pb"/>
  <File Type="ROUTE-TIMING-RPX" Name="Lab3Top_timing_summary_routed.rpx"/>
  <File Type="ROUTE-SIMILARITY" Name="Lab3Top_incremental_reuse_routed.rpt"/>
  <File Type="ROUTE-CLK" Name="Lab3Top_clock_utilization_routed.rpt"/>
  <File Type="POSTROUTE-PHYSOPT-DCP" Name="Lab3Top_postroute_physopt.dcp"/>
  <File Type="POSTROUTE-PHYSOPT-BLACKBOX-DCP" Name="Lab3Top_postroute_physopt_bb.dcp"/>
  <File Type="POSTROUTE-PHYSOPT-TIMING" Name="Lab3Top_timing_summary_postroute_physopted.rpt"/>
  <File Type="POSTROUTE-PHYSOPT-TIMING-PB" Name="Lab3Top_timing_summary_postroute_physopted.pb"/>
  <File Type="POSTROUTE-PHYSOPT-TIMING-RPX" Name="Lab3Top_timing_summary_postroute_physopted.rpx"/>
  <File Type="BG-BIT" Name="Lab3Top.bit"/>
  <File Type="BITSTR-RBT" Name="Lab3Top.rbt"/>
  <File Type="BITSTR-NKY" Name="Lab3Top.nky"/>
  <File Type="BITSTR-BMM" Name="Lab3Top_bd.bmm"/>
  <File Type="BITSTR-MMI" Name="Lab3Top.mmi"/>
  <File Type="BITSTR-SYSDEF" Name="Lab3Top.sysdef"/>
  <File Type="WBT-USG" Name="usage_statistics_webtalk.html"/>
  <FileSet Name="sources" Type="DesignSrcs" RelSrcDir="$PSRCDIR/sources_1">
    <Filter Type="Srcs"/>
    <File Path="$PSRCDIR/sources_1/new/m4_1e.v">
      <FileInfo>
        <Attr Name="ImportPath" Val="$PPRDIR/../../../../../../../../../../../../Lab3Final.srcs/sources_1/new/m4_1e.v"/>
        <Attr Name="ImportTime" Val="1508466044"/>
        <Attr Name="UsedIn" Val="synthesis"/>
        <Attr Name="UsedIn" Val="implementation"/>
        <Attr Name="UsedIn" Val="simulation"/>
      </FileInfo>
    </File>
    <File Path="$PSRCDIR/sources_1/new/m8_1e.v">
      <FileInfo>
        <Attr Name="ImportPath" Val="$PPRDIR/../../../../../../../../../../../../Lab3Final.srcs/sources_1/new/m8_1e.v"/>
        <Attr Name="ImportTime" Val="1508464567"/>
        <Attr Name="UsedIn" Val="synthesis"/>
        <Attr Name="UsedIn" Val="implementation"/>
        <Attr Name="UsedIn" Val="simulation"/>
      </FileInfo>
    </File>
    <File Path="$PSRCDIR/sources_1/new/m2_1x8.v">
      <FileInfo>
        <Attr Name="ImportPath" Val="$PPRDIR/../../../../../../../../../../../../Lab3Final.srcs/sources_1/new/m2_1x8.v"/>
        <Attr Name="ImportTime" Val="1508466042"/>
        <Attr Name="UsedIn" Val="synthesis"/>
        <Attr Name="UsedIn" Val="implementation"/>
        <Attr Name="UsedIn" Val="simulation"/>
      </FileInfo>
    </File>
    <File Path="$PSRCDIR/sources_1/new/FullAdder.v">
      <FileInfo>
        <Attr Name="ImportPath" Val="$PPRDIR/../../../../../../../../../../../../Lab3Final.srcs/sources_1/new/FullAdder.v"/>
        <Attr Name="ImportTime" Val="1508468193"/>
        <Attr Name="UsedIn" Val="synthesis"/>
        <Attr Name="UsedIn" Val="implementation"/>
        <Attr Name="UsedIn" Val="simulation"/>
      </FileInfo>
    </File>
    <File Path="$PSRCDIR/sources_1/new/hex7seg.v">
      <FileInfo>
        <Attr Name="ImportPath" Val="$PPRDIR/../../../../../../../../../../../../Lab3Final.srcs/sources_1/new/hex7seg.v"/>
        <Attr Name="ImportTime" Val="1508474052"/>
        <Attr Name="UsedIn" Val="synthesis"/>
        <Attr Name="UsedIn" Val="implementation"/>
        <Attr Name="UsedIn" Val="simulation"/>
      </FileInfo>
    </File>
    <File Path="$PSRCDIR/sources_1/new/AddSub8.v">
      <FileInfo>
        <Attr Name="ImportPath" Val="$PPRDIR/../../../../../../../../../../../../Lab3Final.srcs/sources_1/new/AddSub8.v"/>
        <Attr Name="ImportTime" Val="1508469538"/>
        <Attr Name="UsedIn" Val="synthesis"/>
        <Attr Name="UsedIn" Val="implementation"/>
        <Attr Name="UsedIn" Val="simulation"/>
      </FileInfo>
    </File>
    <File Path="$PSRCDIR/sources_1/imports/Desktop/lab3_digsel.v">
      <FileInfo>
        <Attr Name="ImportPath" Val="$PPRDIR/../../../../../../../../../../../../../lab3_digsel.v"/>
        <Attr Name="ImportTime" Val="1508393603"/>
        <Attr Name="UsedIn" Val="synthesis"/>
        <Attr Name="UsedIn" Val="implementation"/>
        <Attr Name="UsedIn" Val="simulation"/>
      </FileInfo>
    </File>
    <File Path="$PSRCDIR/sources_1/new/Lab3Top.v">
      <FileInfo>
        <Attr Name="ImportPath" Val="$PPRDIR/../../../../../../../../../../../../Lab3Final.srcs/sources_1/new/Lab3Top.v"/>
        <Attr Name="ImportTime" Val="1508483437"/>
        <Attr Name="UsedIn" Val="synthesis"/>
        <Attr Name="UsedIn" Val="implementation"/>
        <Attr Name="UsedIn" Val="simulation"/>
      </FileInfo>
    </File>
    <File Path="$PSRCDIR/sources_1/imports/Lab3Final/archive_project_summary.txt">
      <FileInfo>
        <Attr Name="ImportPath" Val="$PPRDIR/../../../../archive_project_summary.txt"/>
        <Attr Name="ImportTime" Val="1508522567"/>
      </FileInfo>
    </File>
    <Config>
      <Option Name="DesignMode" Val="RTL"/>
      <Option Name="TopModule" Val="Lab3Top"/>
    </Config>
  </FileSet>
  <FileSet Name="constrs_in" Type="Constrs" RelSrcDir="$PSRCDIR/constrs_1">
    <Filter Type="Constrs"/>
    <File Path="$PSRCDIR/constrs_1/imports/Desktop/Basys3_Master.xdc">
      <FileInfo>
        <Attr Name="ImportPath" Val="$PPRDIR/../../../../../../../../../../../../../Basys3_Master.xdc"/>
        <Attr Name="ImportTime" Val="1506987164"/>
        <Attr Name="UsedIn" Val="synthesis"/>
        <Attr Name="UsedIn" Val="implementation"/>
      </FileInfo>
    </File>
    <Config>
      <Option Name="ConstrsType" Val="XDC"/>
    </Config>
  </FileSet>
  <Strategy Version="1" Minor="2">
    <StratHandle Name="Vivado Implementation Defaults" Flow="Vivado Implementation 2016"/>
    <Step Id="init_design"/>
    <Step Id="opt_design"/>
    <Step Id="power_opt_design"/>
    <Step Id="place_design"/>
    <Step Id="post_place_power_opt_design"/>
    <Step Id="phys_opt_design"/>
    <Step Id="route_design"/>
    <Step Id="post_route_phys_opt_design"/>
    <Step Id="write_bitstream"/>
  </Strategy>
</GenRun>
