<?xml version="1.0" encoding="UTF-8"?>
<GenRun Id="impl_1" LaunchPart="xc7a35tcpg236-1" LaunchTime="1509650736">
  <File Type="ROUTE-PWR-RPX" Name="lab4Top_power_routed.rpx"/>
  <File Type="PA-TCL" Name="lab4Top.tcl"/>
  <File Type="INIT-TIMING" Name="lab4Top_timing_summary_init.rpt"/>
  <File Type="OPT-METHODOLOGY-DRC" Name="lab4Top_methodology_drc_opted.rpt"/>
  <File Type="PWROPT-DRC" Name="lab4Top_drc_pwropted.rpt"/>
  <File Type="RDI-RDI" Name="lab4Top.vdi"/>
  <File Type="OPT-DCP" Name="lab4Top_opt.dcp"/>
  <File Type="OPT-HWDEF" Name="lab4Top.hwdef"/>
  <File Type="OPT-DRC" Name="lab4Top_drc_opted.rpt"/>
  <File Type="OPT-TIMING" Name="lab4Top_timing_summary_opted.rpt"/>
  <File Type="PWROPT-DCP" Name="lab4Top_pwropt.dcp"/>
  <File Type="PWROPT-TIMING" Name="lab4Top_timing_summary_pwropted.rpt"/>
  <File Type="PLACE-DCP" Name="lab4Top_placed.dcp"/>
  <File Type="PLACE-IO" Name="lab4Top_io_placed.rpt"/>
  <File Type="PLACE-CLK" Name="lab4Top_clock_utilization_placed.rpt"/>
  <File Type="PLACE-UTIL" Name="lab4Top_utilization_placed.rpt"/>
  <File Type="PLACE-UTIL-PB" Name="lab4Top_utilization_placed.pb"/>
  <File Type="PLACE-CTRL" Name="lab4Top_control_sets_placed.rpt"/>
  <File Type="PLACE-SIMILARITY" Name="lab4Top_incremental_reuse_placed.rpt"/>
  <File Type="PLACE-PRE-SIMILARITY" Name="lab4Top_incremental_reuse_pre_placed.rpt"/>
  <File Type="PLACE-TIMING" Name="lab4Top_timing_summary_placed.rpt"/>
  <File Type="POSTPLACE-PWROPT-DCP" Name="lab4Top_postplace_pwropt.dcp"/>
  <File Type="POSTPLACE-PWROPT-TIMING" Name="lab4Top_timing_summary_postplace_pwropted.rpt"/>
  <File Type="PHYSOPT-DCP" Name="lab4Top_physopt.dcp"/>
  <File Type="PHYSOPT-DRC" Name="lab4Top_drc_physopted.rpt"/>
  <File Type="PHYSOPT-TIMING" Name="lab4Top_timing_summary_physopted.rpt"/>
  <File Type="ROUTE-ERROR-DCP" Name="lab4Top_routed_error.dcp"/>
  <File Type="ROUTE-DCP" Name="lab4Top_routed.dcp"/>
  <File Type="ROUTE-BLACKBOX-DCP" Name="lab4Top_routed_bb.dcp"/>
  <File Type="ROUTE-DRC" Name="lab4Top_drc_routed.rpt"/>
  <File Type="ROUTE-DRC-PB" Name="lab4Top_drc_routed.pb"/>
  <File Type="ROUTE-DRC-RPX" Name="lab4Top_drc_routed.rpx"/>
  <File Type="BG-BIN" Name="lab4Top.bin"/>
  <File Type="ROUTE-METHODOLOGY-DRC" Name="lab4Top_methodology_drc_routed.rpt"/>
  <File Type="BG-DRC" Name="lab4Top.drc"/>
  <File Type="ROUTE-METHODOLOGY-DRC-RPX" Name="lab4Top_methodology_drc_routed.rpx"/>
  <File Type="BITSTR-MSK" Name="lab4Top.msk"/>
  <File Type="ROUTE-METHODOLOGY-DRC-PB" Name="lab4Top_methodology_drc_routed.pb"/>
  <File Type="BG-BGN" Name="lab4Top.bgn"/>
  <File Type="ROUTE-PWR" Name="lab4Top_power_routed.rpt"/>
  <File Type="ROUTE-PWR-SUM" Name="lab4Top_power_summary_routed.pb"/>
  <File Type="ROUTE-STATUS" Name="lab4Top_route_status.rpt"/>
  <File Type="ROUTE-STATUS-PB" Name="lab4Top_route_status.pb"/>
  <File Type="ROUTE-TIMINGSUMMARY" Name="lab4Top_timing_summary_routed.rpt"/>
  <File Type="ROUTE-TIMING-PB" Name="lab4Top_timing_summary_routed.pb"/>
  <File Type="ROUTE-TIMING-RPX" Name="lab4Top_timing_summary_routed.rpx"/>
  <File Type="ROUTE-SIMILARITY" Name="lab4Top_incremental_reuse_routed.rpt"/>
  <File Type="ROUTE-CLK" Name="lab4Top_clock_utilization_routed.rpt"/>
  <File Type="POSTROUTE-PHYSOPT-DCP" Name="lab4Top_postroute_physopt.dcp"/>
  <File Type="POSTROUTE-PHYSOPT-BLACKBOX-DCP" Name="lab4Top_postroute_physopt_bb.dcp"/>
  <File Type="POSTROUTE-PHYSOPT-TIMING" Name="lab4Top_timing_summary_postroute_physopted.rpt"/>
  <File Type="POSTROUTE-PHYSOPT-TIMING-PB" Name="lab4Top_timing_summary_postroute_physopted.pb"/>
  <File Type="POSTROUTE-PHYSOPT-TIMING-RPX" Name="lab4Top_timing_summary_postroute_physopted.rpx"/>
  <File Type="BG-BIT" Name="lab4Top.bit"/>
  <File Type="BITSTR-RBT" Name="lab4Top.rbt"/>
  <File Type="BITSTR-NKY" Name="lab4Top.nky"/>
  <File Type="BITSTR-BMM" Name="lab4Top_bd.bmm"/>
  <File Type="BITSTR-MMI" Name="lab4Top.mmi"/>
  <File Type="BITSTR-SYSDEF" Name="lab4Top.sysdef"/>
  <File Type="WBT-USG" Name="usage_statistics_webtalk.html"/>
  <FileSet Name="sources" Type="DesignSrcs" RelSrcDir="$PSRCDIR/sources_1">
    <Filter Type="Srcs"/>
    <File Path="$PSRCDIR/sources_1/new/m8_1e.v">
      <FileInfo>
        <Attr Name="ImportPath" Val="$PPRDIR/../../../../../../../../Lab4.srcs/sources_1/new/m8_1e.v"/>
        <Attr Name="ImportTime" Val="1509581259"/>
        <Attr Name="UsedIn" Val="synthesis"/>
        <Attr Name="UsedIn" Val="implementation"/>
        <Attr Name="UsedIn" Val="simulation"/>
      </FileInfo>
    </File>
    <File Path="$PSRCDIR/sources_1/new/count5L.v">
      <FileInfo>
        <Attr Name="ImportPath" Val="$PPRDIR/../../../../../../../../../../../../Lab4.srcs/sources_1/new/count5L.v"/>
        <Attr Name="ImportTime" Val="1509480880"/>
        <Attr Name="UsedIn" Val="synthesis"/>
        <Attr Name="UsedIn" Val="implementation"/>
        <Attr Name="UsedIn" Val="simulation"/>
      </FileInfo>
    </File>
    <File Path="$PSRCDIR/sources_1/new/count4L.v">
      <FileInfo>
        <Attr Name="ImportPath" Val="$PPRDIR/../../../../../../../../../../../../Lab4.srcs/sources_1/new/count4L.v"/>
        <Attr Name="ImportTime" Val="1509473697"/>
        <Attr Name="UsedIn" Val="synthesis"/>
        <Attr Name="UsedIn" Val="implementation"/>
        <Attr Name="UsedIn" Val="simulation"/>
      </FileInfo>
    </File>
    <File Path="$PSRCDIR/sources_1/new/count3L.v">
      <FileInfo>
        <Attr Name="ImportPath" Val="$PPRDIR/../../../../../../../../../../../../../../../../../../../../Desktop/Lab4/Lab4.srcs/sources_1/new/count3L.v"/>
        <Attr Name="ImportTime" Val="1509433615"/>
        <Attr Name="UsedIn" Val="synthesis"/>
        <Attr Name="UsedIn" Val="implementation"/>
        <Attr Name="UsedIn" Val="simulation"/>
      </FileInfo>
    </File>
    <File Path="$PSRCDIR/sources_1/imports/Desktop/lab4_clks.v">
      <FileInfo>
        <Attr Name="ImportPath" Val="$PPRDIR/../../../../../../../../../../../../../../../../../../../../Desktop/lab4_clks.v"/>
        <Attr Name="ImportTime" Val="1509388422"/>
        <Attr Name="UsedIn" Val="synthesis"/>
        <Attr Name="UsedIn" Val="implementation"/>
        <Attr Name="UsedIn" Val="simulation"/>
      </FileInfo>
    </File>
    <File Path="$PSRCDIR/sources_1/new/selector.v">
      <FileInfo>
        <Attr Name="ImportPath" Val="$PPRDIR/../../../../../../../../../../../../Lab4.srcs/sources_1/new/selector.v"/>
        <Attr Name="ImportTime" Val="1509483853"/>
        <Attr Name="UsedIn" Val="synthesis"/>
        <Attr Name="UsedIn" Val="implementation"/>
        <Attr Name="UsedIn" Val="simulation"/>
      </FileInfo>
    </File>
    <File Path="$PSRCDIR/sources_1/new/ringCounter.v">
      <FileInfo>
        <Attr Name="ImportPath" Val="$PPRDIR/../../../../../../../../../../../../Lab4.srcs/sources_1/new/ringCounter.v"/>
        <Attr Name="ImportTime" Val="1509486512"/>
        <Attr Name="UsedIn" Val="synthesis"/>
        <Attr Name="UsedIn" Val="implementation"/>
        <Attr Name="UsedIn" Val="simulation"/>
      </FileInfo>
    </File>
    <File Path="$PSRCDIR/sources_1/new/edgeDetector.v">
      <FileInfo>
        <Attr Name="ImportPath" Val="$PPRDIR/../../../../../../../../Lab4.srcs/sources_1/new/edgeDetector.v"/>
        <Attr Name="ImportTime" Val="1509577811"/>
        <Attr Name="UsedIn" Val="synthesis"/>
        <Attr Name="UsedIn" Val="implementation"/>
        <Attr Name="UsedIn" Val="simulation"/>
      </FileInfo>
    </File>
    <File Path="$PSRCDIR/sources_1/new/count16L.v">
      <FileInfo>
        <Attr Name="ImportPath" Val="$PPRDIR/../../../../../../../../../../../../Lab4.srcs/sources_1/new/count16L.v"/>
        <Attr Name="ImportTime" Val="1509481233"/>
        <Attr Name="UsedIn" Val="synthesis"/>
        <Attr Name="UsedIn" Val="implementation"/>
        <Attr Name="UsedIn" Val="simulation"/>
      </FileInfo>
    </File>
    <File Path="$PSRCDIR/sources_1/new/hex7seg.v">
      <FileInfo>
        <Attr Name="ImportPath" Val="$PPRDIR/../../../../../../../../Lab4.srcs/sources_1/new/hex7seg.v"/>
        <Attr Name="ImportTime" Val="1509581310"/>
        <Attr Name="UsedIn" Val="synthesis"/>
        <Attr Name="UsedIn" Val="implementation"/>
        <Attr Name="UsedIn" Val="simulation"/>
      </FileInfo>
    </File>
    <File Path="$PSRCDIR/sources_1/new/lab4Top.v">
      <FileInfo>
        <Attr Name="ImportPath" Val="$PPRDIR/../../../../../../../../Lab4.srcs/sources_1/new/lab4Top.v"/>
        <Attr Name="ImportTime" Val="1509604875"/>
        <Attr Name="UsedIn" Val="synthesis"/>
        <Attr Name="UsedIn" Val="implementation"/>
        <Attr Name="UsedIn" Val="simulation"/>
      </FileInfo>
    </File>
    <File Path="$PSRCDIR/sources_1/imports/Lab4/archive_project_summary.txt">
      <FileInfo>
        <Attr Name="ImportPath" Val="$PPRDIR/../../../../archive_project_summary.txt"/>
        <Attr Name="ImportTime" Val="1509634368"/>
      </FileInfo>
    </File>
    <Config>
      <Option Name="DesignMode" Val="RTL"/>
      <Option Name="TopModule" Val="lab4Top"/>
    </Config>
  </FileSet>
  <FileSet Name="constrs_in" Type="Constrs" RelSrcDir="$PSRCDIR/constrs_1">
    <Filter Type="Constrs"/>
    <File Path="$PSRCDIR/constrs_1/imports/Desktop/Basys3_Master.xdc">
      <FileInfo>
        <Attr Name="ImportPath" Val="$PPRDIR/../../../../../../../../../../../../../../../../../../../../Desktop/Basys3_Master.xdc"/>
        <Attr Name="ImportTime" Val="1506987164"/>
        <Attr Name="UsedIn" Val="synthesis"/>
        <Attr Name="UsedIn" Val="implementation"/>
      </FileInfo>
    </File>
    <Config>
      <Option Name="ConstrsType" Val="XDC"/>
    </Config>
  </FileSet>
  <Strategy Version="1" Minor="2">
    <StratHandle Name="Vivado Implementation Defaults" Flow="Vivado Implementation 2016"/>
    <Step Id="init_design"/>
    <Step Id="opt_design"/>
    <Step Id="power_opt_design"/>
    <Step Id="place_design"/>
    <Step Id="post_place_power_opt_design"/>
    <Step Id="phys_opt_design"/>
    <Step Id="route_design"/>
    <Step Id="post_route_phys_opt_design"/>
    <Step Id="write_bitstream"/>
  </Strategy>
</GenRun>
