<?xml version="1.0" encoding="UTF-8"?>
<GenRun Id="impl_1" LaunchPart="xc7a35tcpg236-1" LaunchTime="1507238112">
  <File Type="ROUTE-PWR-RPX" Name="Lab1_power_routed.rpx"/>
  <File Type="PA-TCL" Name="Lab1.tcl"/>
  <File Type="INIT-TIMING" Name="Lab1_timing_summary_init.rpt"/>
  <File Type="OPT-METHODOLOGY-DRC" Name="Lab1_methodology_drc_opted.rpt"/>
  <File Type="PWROPT-DRC" Name="Lab1_drc_pwropted.rpt"/>
  <File Type="RDI-RDI" Name="Lab1.vdi"/>
  <File Type="OPT-DCP" Name="Lab1_opt.dcp"/>
  <File Type="OPT-HWDEF" Name="Lab1.hwdef"/>
  <File Type="OPT-DRC" Name="Lab1_drc_opted.rpt"/>
  <File Type="OPT-TIMING" Name="Lab1_timing_summary_opted.rpt"/>
  <File Type="PWROPT-DCP" Name="Lab1_pwropt.dcp"/>
  <File Type="PWROPT-TIMING" Name="Lab1_timing_summary_pwropted.rpt"/>
  <File Type="PLACE-DCP" Name="Lab1_placed.dcp"/>
  <File Type="PLACE-IO" Name="Lab1_io_placed.rpt"/>
  <File Type="PLACE-CLK" Name="Lab1_clock_utilization_placed.rpt"/>
  <File Type="PLACE-UTIL" Name="Lab1_utilization_placed.rpt"/>
  <File Type="PLACE-UTIL-PB" Name="Lab1_utilization_placed.pb"/>
  <File Type="PLACE-CTRL" Name="Lab1_control_sets_placed.rpt"/>
  <File Type="PLACE-SIMILARITY" Name="Lab1_incremental_reuse_placed.rpt"/>
  <File Type="PLACE-PRE-SIMILARITY" Name="Lab1_incremental_reuse_pre_placed.rpt"/>
  <File Type="PLACE-TIMING" Name="Lab1_timing_summary_placed.rpt"/>
  <File Type="POSTPLACE-PWROPT-DCP" Name="Lab1_postplace_pwropt.dcp"/>
  <File Type="POSTPLACE-PWROPT-TIMING" Name="Lab1_timing_summary_postplace_pwropted.rpt"/>
  <File Type="PHYSOPT-DCP" Name="Lab1_physopt.dcp"/>
  <File Type="PHYSOPT-DRC" Name="Lab1_drc_physopted.rpt"/>
  <File Type="PHYSOPT-TIMING" Name="Lab1_timing_summary_physopted.rpt"/>
  <File Type="ROUTE-ERROR-DCP" Name="Lab1_routed_error.dcp"/>
  <File Type="ROUTE-DCP" Name="Lab1_routed.dcp"/>
  <File Type="ROUTE-BLACKBOX-DCP" Name="Lab1_routed_bb.dcp"/>
  <File Type="ROUTE-DRC" Name="Lab1_drc_routed.rpt"/>
  <File Type="ROUTE-DRC-PB" Name="Lab1_drc_routed.pb"/>
  <File Type="ROUTE-DRC-RPX" Name="Lab1_drc_routed.rpx"/>
  <File Type="BG-BIN" Name="Lab1.bin"/>
  <File Type="ROUTE-METHODOLOGY-DRC" Name="Lab1_methodology_drc_routed.rpt"/>
  <File Type="BG-DRC" Name="Lab1.drc"/>
  <File Type="ROUTE-METHODOLOGY-DRC-RPX" Name="Lab1_methodology_drc_routed.rpx"/>
  <File Type="BITSTR-MSK" Name="Lab1.msk"/>
  <File Type="ROUTE-METHODOLOGY-DRC-PB" Name="Lab1_methodology_drc_routed.pb"/>
  <File Type="BG-BGN" Name="Lab1.bgn"/>
  <File Type="ROUTE-PWR" Name="Lab1_power_routed.rpt"/>
  <File Type="ROUTE-PWR-SUM" Name="Lab1_power_summary_routed.pb"/>
  <File Type="ROUTE-STATUS" Name="Lab1_route_status.rpt"/>
  <File Type="ROUTE-STATUS-PB" Name="Lab1_route_status.pb"/>
  <File Type="ROUTE-TIMINGSUMMARY" Name="Lab1_timing_summary_routed.rpt"/>
  <File Type="ROUTE-TIMING-PB" Name="Lab1_timing_summary_routed.pb"/>
  <File Type="ROUTE-TIMING-RPX" Name="Lab1_timing_summary_routed.rpx"/>
  <File Type="ROUTE-SIMILARITY" Name="Lab1_incremental_reuse_routed.rpt"/>
  <File Type="ROUTE-CLK" Name="Lab1_clock_utilization_routed.rpt"/>
  <File Type="POSTROUTE-PHYSOPT-DCP" Name="Lab1_postroute_physopt.dcp"/>
  <File Type="POSTROUTE-PHYSOPT-BLACKBOX-DCP" Name="Lab1_postroute_physopt_bb.dcp"/>
  <File Type="POSTROUTE-PHYSOPT-TIMING" Name="Lab1_timing_summary_postroute_physopted.rpt"/>
  <File Type="POSTROUTE-PHYSOPT-TIMING-PB" Name="Lab1_timing_summary_postroute_physopted.pb"/>
  <File Type="POSTROUTE-PHYSOPT-TIMING-RPX" Name="Lab1_timing_summary_postroute_physopted.rpx"/>
  <File Type="BG-BIT" Name="Lab1.bit"/>
  <File Type="BITSTR-RBT" Name="Lab1.rbt"/>
  <File Type="BITSTR-NKY" Name="Lab1.nky"/>
  <File Type="BITSTR-BMM" Name="Lab1_bd.bmm"/>
  <File Type="BITSTR-MMI" Name="Lab1.mmi"/>
  <File Type="BITSTR-SYSDEF" Name="Lab1.sysdef"/>
  <File Type="WBT-USG" Name="usage_statistics_webtalk.html"/>
  <FileSet Name="sources" Type="DesignSrcs" RelSrcDir="$PSRCDIR/sources_1">
    <Filter Type="Srcs"/>
    <File Path="$PSRCDIR/sources_1/new/Lab1.v">
      <FileInfo>
        <Attr Name="ImportPath" Val="$PPRDIR/../../../../Lab1.srcs/sources_1/new/Lab1.v"/>
        <Attr Name="ImportTime" Val="1507235588"/>
        <Attr Name="UsedIn" Val="synthesis"/>
        <Attr Name="UsedIn" Val="implementation"/>
        <Attr Name="UsedIn" Val="simulation"/>
      </FileInfo>
    </File>
    <Config>
      <Option Name="DesignMode" Val="RTL"/>
      <Option Name="TopModule" Val="Lab1"/>
      <Option Name="TopAutoSet" Val="TRUE"/>
    </Config>
  </FileSet>
  <FileSet Name="constrs_in" Type="Constrs" RelSrcDir="$PSRCDIR/constrs_1">
    <Filter Type="Constrs"/>
    <File Path="$PSRCDIR/constrs_1/imports/Desktop/Basys3_Master.xdc">
      <FileInfo>
        <Attr Name="ImportPath" Val="$PPRDIR/../../../../../Basys3_Master.xdc"/>
        <Attr Name="ImportTime" Val="1506987164"/>
        <Attr Name="UsedIn" Val="synthesis"/>
        <Attr Name="UsedIn" Val="implementation"/>
      </FileInfo>
    </File>
    <Config>
      <Option Name="ConstrsType" Val="XDC"/>
    </Config>
  </FileSet>
  <Strategy Version="1" Minor="2">
    <StratHandle Name="Vivado Implementation Defaults" Flow="Vivado Implementation 2016"/>
    <Step Id="init_design"/>
    <Step Id="opt_design"/>
    <Step Id="power_opt_design"/>
    <Step Id="place_design"/>
    <Step Id="post_place_power_opt_design"/>
    <Step Id="phys_opt_design"/>
    <Step Id="route_design"/>
    <Step Id="post_route_phys_opt_design"/>
    <Step Id="write_bitstream"/>
  </Strategy>
</GenRun>
