<?xml version="1.0" encoding="UTF-8"?>
<GenRun Id="impl_1" LaunchPart="xc7a35tcpg236-1" LaunchTime="1507843049">
  <File Type="ROUTE-PWR-RPX" Name="Lab2Top_power_routed.rpx"/>
  <File Type="PA-TCL" Name="Lab2Top.tcl"/>
  <File Type="INIT-TIMING" Name="Lab2Top_timing_summary_init.rpt"/>
  <File Type="OPT-METHODOLOGY-DRC" Name="Lab2Top_methodology_drc_opted.rpt"/>
  <File Type="PWROPT-DRC" Name="Lab2Top_drc_pwropted.rpt"/>
  <File Type="RDI-RDI" Name="Lab2Top.vdi"/>
  <File Type="OPT-DCP" Name="Lab2Top_opt.dcp"/>
  <File Type="OPT-HWDEF" Name="Lab2Top.hwdef"/>
  <File Type="OPT-DRC" Name="Lab2Top_drc_opted.rpt"/>
  <File Type="OPT-TIMING" Name="Lab2Top_timing_summary_opted.rpt"/>
  <File Type="PWROPT-DCP" Name="Lab2Top_pwropt.dcp"/>
  <File Type="PWROPT-TIMING" Name="Lab2Top_timing_summary_pwropted.rpt"/>
  <File Type="PLACE-DCP" Name="Lab2Top_placed.dcp"/>
  <File Type="PLACE-IO" Name="Lab2Top_io_placed.rpt"/>
  <File Type="PLACE-CLK" Name="Lab2Top_clock_utilization_placed.rpt"/>
  <File Type="PLACE-UTIL" Name="Lab2Top_utilization_placed.rpt"/>
  <File Type="PLACE-UTIL-PB" Name="Lab2Top_utilization_placed.pb"/>
  <File Type="PLACE-CTRL" Name="Lab2Top_control_sets_placed.rpt"/>
  <File Type="PLACE-SIMILARITY" Name="Lab2Top_incremental_reuse_placed.rpt"/>
  <File Type="PLACE-PRE-SIMILARITY" Name="Lab2Top_incremental_reuse_pre_placed.rpt"/>
  <File Type="PLACE-TIMING" Name="Lab2Top_timing_summary_placed.rpt"/>
  <File Type="POSTPLACE-PWROPT-DCP" Name="Lab2Top_postplace_pwropt.dcp"/>
  <File Type="POSTPLACE-PWROPT-TIMING" Name="Lab2Top_timing_summary_postplace_pwropted.rpt"/>
  <File Type="PHYSOPT-DCP" Name="Lab2Top_physopt.dcp"/>
  <File Type="PHYSOPT-DRC" Name="Lab2Top_drc_physopted.rpt"/>
  <File Type="PHYSOPT-TIMING" Name="Lab2Top_timing_summary_physopted.rpt"/>
  <File Type="ROUTE-ERROR-DCP" Name="Lab2Top_routed_error.dcp"/>
  <File Type="ROUTE-DCP" Name="Lab2Top_routed.dcp"/>
  <File Type="ROUTE-BLACKBOX-DCP" Name="Lab2Top_routed_bb.dcp"/>
  <File Type="ROUTE-DRC" Name="Lab2Top_drc_routed.rpt"/>
  <File Type="ROUTE-DRC-PB" Name="Lab2Top_drc_routed.pb"/>
  <File Type="ROUTE-DRC-RPX" Name="Lab2Top_drc_routed.rpx"/>
  <File Type="BG-BIN" Name="Lab2Top.bin"/>
  <File Type="ROUTE-METHODOLOGY-DRC" Name="Lab2Top_methodology_drc_routed.rpt"/>
  <File Type="BG-DRC" Name="Lab2Top.drc"/>
  <File Type="ROUTE-METHODOLOGY-DRC-RPX" Name="Lab2Top_methodology_drc_routed.rpx"/>
  <File Type="BITSTR-MSK" Name="Lab2Top.msk"/>
  <File Type="ROUTE-METHODOLOGY-DRC-PB" Name="Lab2Top_methodology_drc_routed.pb"/>
  <File Type="BG-BGN" Name="Lab2Top.bgn"/>
  <File Type="ROUTE-PWR" Name="Lab2Top_power_routed.rpt"/>
  <File Type="ROUTE-PWR-SUM" Name="Lab2Top_power_summary_routed.pb"/>
  <File Type="ROUTE-STATUS" Name="Lab2Top_route_status.rpt"/>
  <File Type="ROUTE-STATUS-PB" Name="Lab2Top_route_status.pb"/>
  <File Type="ROUTE-TIMINGSUMMARY" Name="Lab2Top_timing_summary_routed.rpt"/>
  <File Type="ROUTE-TIMING-PB" Name="Lab2Top_timing_summary_routed.pb"/>
  <File Type="ROUTE-TIMING-RPX" Name="Lab2Top_timing_summary_routed.rpx"/>
  <File Type="ROUTE-SIMILARITY" Name="Lab2Top_incremental_reuse_routed.rpt"/>
  <File Type="ROUTE-CLK" Name="Lab2Top_clock_utilization_routed.rpt"/>
  <File Type="POSTROUTE-PHYSOPT-DCP" Name="Lab2Top_postroute_physopt.dcp"/>
  <File Type="POSTROUTE-PHYSOPT-BLACKBOX-DCP" Name="Lab2Top_postroute_physopt_bb.dcp"/>
  <File Type="POSTROUTE-PHYSOPT-TIMING" Name="Lab2Top_timing_summary_postroute_physopted.rpt"/>
  <File Type="POSTROUTE-PHYSOPT-TIMING-PB" Name="Lab2Top_timing_summary_postroute_physopted.pb"/>
  <File Type="POSTROUTE-PHYSOPT-TIMING-RPX" Name="Lab2Top_timing_summary_postroute_physopted.rpx"/>
  <File Type="BG-BIT" Name="Lab2Top.bit"/>
  <File Type="BITSTR-RBT" Name="Lab2Top.rbt"/>
  <File Type="BITSTR-NKY" Name="Lab2Top.nky"/>
  <File Type="BITSTR-BMM" Name="Lab2Top_bd.bmm"/>
  <File Type="BITSTR-MMI" Name="Lab2Top.mmi"/>
  <File Type="BITSTR-SYSDEF" Name="Lab2Top.sysdef"/>
  <File Type="WBT-USG" Name="usage_statistics_webtalk.html"/>
  <FileSet Name="sources" Type="DesignSrcs" RelSrcDir="$PSRCDIR/sources_1">
    <Filter Type="Srcs"/>
    <File Path="$PSRCDIR/sources_1/new/FullAdder.v">
      <FileInfo>
        <Attr Name="ImportPath" Val="$PPRDIR/../../../../../../../../../../../../../../../../../../../../Lab2.srcs/sources_1/new/FullAdder.v"/>
        <Attr Name="ImportTime" Val="1507665869"/>
        <Attr Name="UsedIn" Val="synthesis"/>
        <Attr Name="UsedIn" Val="implementation"/>
        <Attr Name="UsedIn" Val="simulation"/>
      </FileInfo>
    </File>
    <File Path="$PSRCDIR/sources_1/new/SegConvert.v">
      <FileInfo>
        <Attr Name="ImportPath" Val="$PPRDIR/../../../../../../../../../../../../../../../../../../../../Lab2.srcs/sources_1/new/SegConvert.v"/>
        <Attr Name="ImportTime" Val="1507669994"/>
        <Attr Name="UsedIn" Val="synthesis"/>
        <Attr Name="UsedIn" Val="implementation"/>
        <Attr Name="UsedIn" Val="simulation"/>
      </FileInfo>
    </File>
    <File Path="$PSRCDIR/sources_1/new/Lab2AdderTop.v">
      <FileInfo>
        <Attr Name="ImportPath" Val="$PPRDIR/../../../../../../../../../../../../../../../../../../../../Lab2.srcs/sources_1/new/Lab2AdderTop.v"/>
        <Attr Name="ImportTime" Val="1507771575"/>
        <Attr Name="UsedIn" Val="synthesis"/>
        <Attr Name="UsedIn" Val="implementation"/>
        <Attr Name="UsedIn" Val="simulation"/>
      </FileInfo>
    </File>
    <File Path="$PSRCDIR/sources_1/new/Lab2Top.v">
      <FileInfo>
        <Attr Name="ImportPath" Val="$PPRDIR/../../../../../../../../../../../../../../../../../../../../Lab2.srcs/sources_1/new/Lab2Top.v"/>
        <Attr Name="ImportTime" Val="1507670662"/>
        <Attr Name="UsedIn" Val="synthesis"/>
        <Attr Name="UsedIn" Val="implementation"/>
        <Attr Name="UsedIn" Val="simulation"/>
      </FileInfo>
    </File>
    <File Path="$PSRCDIR/sources_1/imports/Lab2/archive_project_summary.txt">
      <FileInfo>
        <Attr Name="ImportPath" Val="$PPRDIR/../../../../../../../../archive_project_summary.txt"/>
        <Attr Name="ImportTime" Val="1507840496"/>
      </FileInfo>
    </File>
    <Config>
      <Option Name="DesignMode" Val="RTL"/>
      <Option Name="TopModule" Val="Lab2Top"/>
      <Option Name="TopAutoSet" Val="TRUE"/>
    </Config>
  </FileSet>
  <FileSet Name="constrs_in" Type="Constrs" RelSrcDir="$PSRCDIR/constrs_1">
    <Filter Type="Constrs"/>
    <File Path="$PSRCDIR/constrs_1/imports/Vivado Basys3 Files/Basys3_Master.xdc">
      <FileInfo>
        <Attr Name="ImportPath" Val="$PPRDIR/../../../../../../../../../../../../../../../../../../../../../Vivado Basys3 Files/Basys3_Master.xdc"/>
        <Attr Name="ImportTime" Val="1507671460"/>
        <Attr Name="UsedIn" Val="synthesis"/>
        <Attr Name="UsedIn" Val="implementation"/>
      </FileInfo>
    </File>
    <Config>
      <Option Name="ConstrsType" Val="XDC"/>
    </Config>
  </FileSet>
  <Strategy Version="1" Minor="2">
    <StratHandle Name="Vivado Implementation Defaults" Flow="Vivado Implementation 2016"/>
    <Step Id="init_design"/>
    <Step Id="opt_design"/>
    <Step Id="power_opt_design"/>
    <Step Id="place_design"/>
    <Step Id="post_place_power_opt_design"/>
    <Step Id="phys_opt_design"/>
    <Step Id="route_design"/>
    <Step Id="post_route_phys_opt_design"/>
    <Step Id="write_bitstream"/>
  </Strategy>
</GenRun>
