<?xml version="1.0" encoding="UTF-8"?>
<GenRun Id="impl_1" LaunchPart="xc7a35tcpg236-1" LaunchTime="1512090233">
  <File Type="ROUTE-PWR-RPX" Name="Lab7Top_power_routed.rpx"/>
  <File Type="PA-TCL" Name="Lab7Top.tcl"/>
  <File Type="INIT-TIMING" Name="Lab7Top_timing_summary_init.rpt"/>
  <File Type="OPT-METHODOLOGY-DRC" Name="Lab7Top_methodology_drc_opted.rpt"/>
  <File Type="PWROPT-DRC" Name="Lab7Top_drc_pwropted.rpt"/>
  <File Type="RDI-RDI" Name="Lab7Top.vdi"/>
  <File Type="OPT-DCP" Name="Lab7Top_opt.dcp"/>
  <File Type="OPT-HWDEF" Name="Lab7Top.hwdef"/>
  <File Type="OPT-DRC" Name="Lab7Top_drc_opted.rpt"/>
  <File Type="OPT-TIMING" Name="Lab7Top_timing_summary_opted.rpt"/>
  <File Type="PWROPT-DCP" Name="Lab7Top_pwropt.dcp"/>
  <File Type="PWROPT-TIMING" Name="Lab7Top_timing_summary_pwropted.rpt"/>
  <File Type="PLACE-DCP" Name="Lab7Top_placed.dcp"/>
  <File Type="PLACE-IO" Name="Lab7Top_io_placed.rpt"/>
  <File Type="PLACE-CLK" Name="Lab7Top_clock_utilization_placed.rpt"/>
  <File Type="PLACE-UTIL" Name="Lab7Top_utilization_placed.rpt"/>
  <File Type="PLACE-UTIL-PB" Name="Lab7Top_utilization_placed.pb"/>
  <File Type="PLACE-CTRL" Name="Lab7Top_control_sets_placed.rpt"/>
  <File Type="PLACE-SIMILARITY" Name="Lab7Top_incremental_reuse_placed.rpt"/>
  <File Type="PLACE-PRE-SIMILARITY" Name="Lab7Top_incremental_reuse_pre_placed.rpt"/>
  <File Type="PLACE-TIMING" Name="Lab7Top_timing_summary_placed.rpt"/>
  <File Type="POSTPLACE-PWROPT-DCP" Name="Lab7Top_postplace_pwropt.dcp"/>
  <File Type="POSTPLACE-PWROPT-TIMING" Name="Lab7Top_timing_summary_postplace_pwropted.rpt"/>
  <File Type="PHYSOPT-DCP" Name="Lab7Top_physopt.dcp"/>
  <File Type="PHYSOPT-DRC" Name="Lab7Top_drc_physopted.rpt"/>
  <File Type="PHYSOPT-TIMING" Name="Lab7Top_timing_summary_physopted.rpt"/>
  <File Type="ROUTE-ERROR-DCP" Name="Lab7Top_routed_error.dcp"/>
  <File Type="ROUTE-DCP" Name="Lab7Top_routed.dcp"/>
  <File Type="ROUTE-BLACKBOX-DCP" Name="Lab7Top_routed_bb.dcp"/>
  <File Type="ROUTE-DRC" Name="Lab7Top_drc_routed.rpt"/>
  <File Type="ROUTE-DRC-PB" Name="Lab7Top_drc_routed.pb"/>
  <File Type="ROUTE-DRC-RPX" Name="Lab7Top_drc_routed.rpx"/>
  <File Type="BG-BIN" Name="Lab7Top.bin"/>
  <File Type="ROUTE-METHODOLOGY-DRC" Name="Lab7Top_methodology_drc_routed.rpt"/>
  <File Type="BG-DRC" Name="Lab7Top.drc"/>
  <File Type="ROUTE-METHODOLOGY-DRC-RPX" Name="Lab7Top_methodology_drc_routed.rpx"/>
  <File Type="BITSTR-MSK" Name="Lab7Top.msk"/>
  <File Type="ROUTE-METHODOLOGY-DRC-PB" Name="Lab7Top_methodology_drc_routed.pb"/>
  <File Type="BG-BGN" Name="Lab7Top.bgn"/>
  <File Type="ROUTE-PWR" Name="Lab7Top_power_routed.rpt"/>
  <File Type="ROUTE-PWR-SUM" Name="Lab7Top_power_summary_routed.pb"/>
  <File Type="ROUTE-STATUS" Name="Lab7Top_route_status.rpt"/>
  <File Type="ROUTE-STATUS-PB" Name="Lab7Top_route_status.pb"/>
  <File Type="ROUTE-TIMINGSUMMARY" Name="Lab7Top_timing_summary_routed.rpt"/>
  <File Type="ROUTE-TIMING-PB" Name="Lab7Top_timing_summary_routed.pb"/>
  <File Type="ROUTE-TIMING-RPX" Name="Lab7Top_timing_summary_routed.rpx"/>
  <File Type="ROUTE-SIMILARITY" Name="Lab7Top_incremental_reuse_routed.rpt"/>
  <File Type="ROUTE-CLK" Name="Lab7Top_clock_utilization_routed.rpt"/>
  <File Type="POSTROUTE-PHYSOPT-DCP" Name="Lab7Top_postroute_physopt.dcp"/>
  <File Type="POSTROUTE-PHYSOPT-BLACKBOX-DCP" Name="Lab7Top_postroute_physopt_bb.dcp"/>
  <File Type="POSTROUTE-PHYSOPT-TIMING" Name="Lab7Top_timing_summary_postroute_physopted.rpt"/>
  <File Type="POSTROUTE-PHYSOPT-TIMING-PB" Name="Lab7Top_timing_summary_postroute_physopted.pb"/>
  <File Type="POSTROUTE-PHYSOPT-TIMING-RPX" Name="Lab7Top_timing_summary_postroute_physopted.rpx"/>
  <File Type="BG-BIT" Name="Lab7Top.bit"/>
  <File Type="BITSTR-RBT" Name="Lab7Top.rbt"/>
  <File Type="BITSTR-NKY" Name="Lab7Top.nky"/>
  <File Type="BITSTR-BMM" Name="Lab7Top_bd.bmm"/>
  <File Type="BITSTR-MMI" Name="Lab7Top.mmi"/>
  <File Type="BITSTR-SYSDEF" Name="Lab7Top.sysdef"/>
  <File Type="WBT-USG" Name="usage_statistics_webtalk.html"/>
  <FileSet Name="sources" Type="DesignSrcs" RelSrcDir="$PSRCDIR/sources_1">
    <Filter Type="Srcs"/>
    <File Path="$PSRCDIR/sources_1/new/TargetStateMachineLogic.v">
      <FileInfo>
        <Attr Name="ImportPath" Val="$PPRDIR/../../../../../../../../../../../../../../../../Lab7.srcs/sources_1/new/TargetStateMachineLogic.v"/>
        <Attr Name="ImportTime" Val="1511991064"/>
        <Attr Name="UsedIn" Val="synthesis"/>
        <Attr Name="UsedIn" Val="implementation"/>
        <Attr Name="UsedIn" Val="simulation"/>
      </FileInfo>
    </File>
    <File Path="$PSRCDIR/sources_1/new/count5L.v">
      <FileInfo>
        <Attr Name="ImportPath" Val="$PPRDIR/../../../../../../../../../../../../../../../../../../../../../../../../../../../../../../../../../../../../../../../../../../../../Lab7.srcs/sources_1/new/count5L.v"/>
        <Attr Name="ImportTime" Val="1511803861"/>
        <Attr Name="UsedIn" Val="synthesis"/>
        <Attr Name="UsedIn" Val="implementation"/>
        <Attr Name="UsedIn" Val="simulation"/>
      </FileInfo>
    </File>
    <File Path="$PSRCDIR/sources_1/new/UD4Coutner.v">
      <FileInfo>
        <Attr Name="ImportPath" Val="$PPRDIR/../../../../../../../../../../../../../../../../Lab7.srcs/sources_1/new/UD4Coutner.v"/>
        <Attr Name="ImportTime" Val="1511908171"/>
        <Attr Name="UsedIn" Val="synthesis"/>
        <Attr Name="UsedIn" Val="implementation"/>
        <Attr Name="UsedIn" Val="simulation"/>
      </FileInfo>
    </File>
    <File Path="$PSRCDIR/sources_1/new/TargetStateMachineTop.v">
      <FileInfo>
        <Attr Name="ImportPath" Val="$PPRDIR/../../../../../../../../../../../../../../../../Lab7.srcs/sources_1/new/TargetStateMachineTop.v"/>
        <Attr Name="ImportTime" Val="1511991112"/>
        <Attr Name="UsedIn" Val="synthesis"/>
        <Attr Name="UsedIn" Val="implementation"/>
        <Attr Name="UsedIn" Val="simulation"/>
      </FileInfo>
    </File>
    <File Path="$PSRCDIR/sources_1/new/BallUpStateMachineLogic.v">
      <FileInfo>
        <Attr Name="ImportPath" Val="$PPRDIR/../../../../../../../../../../../../../../../../Lab7.srcs/sources_1/new/BallUpStateMachineLogic.v"/>
        <Attr Name="ImportTime" Val="1511907686"/>
        <Attr Name="UsedIn" Val="synthesis"/>
        <Attr Name="UsedIn" Val="implementation"/>
        <Attr Name="UsedIn" Val="simulation"/>
      </FileInfo>
    </File>
    <File Path="$PSRCDIR/sources_1/new/BallLeftStateMachineLogic.v">
      <FileInfo>
        <Attr Name="ImportPath" Val="$PPRDIR/../../../../../../../../../../../../../../../../Lab7.srcs/sources_1/new/BallLeftStateMachineLogic.v"/>
        <Attr Name="ImportTime" Val="1511907469"/>
        <Attr Name="UsedIn" Val="synthesis"/>
        <Attr Name="UsedIn" Val="implementation"/>
        <Attr Name="UsedIn" Val="simulation"/>
      </FileInfo>
    </File>
    <File Path="$PSRCDIR/sources_1/new/count10L.v">
      <FileInfo>
        <Attr Name="ImportPath" Val="$PPRDIR/../../../../../../../../../../../../../../../../../../../../../../../../../../../../../../../../../../../../../../../../../../../../Lab7.srcs/sources_1/new/count10L.v"/>
        <Attr Name="ImportTime" Val="1511804328"/>
        <Attr Name="UsedIn" Val="synthesis"/>
        <Attr Name="UsedIn" Val="implementation"/>
        <Attr Name="UsedIn" Val="simulation"/>
      </FileInfo>
    </File>
    <File Path="$PSRCDIR/sources_1/new/UD12Counter.v">
      <FileInfo>
        <Attr Name="ImportPath" Val="$PPRDIR/../../../../../../../../../../../../../../../../Lab7.srcs/sources_1/new/UD12Counter.v"/>
        <Attr Name="ImportTime" Val="1511909220"/>
        <Attr Name="UsedIn" Val="synthesis"/>
        <Attr Name="UsedIn" Val="implementation"/>
        <Attr Name="UsedIn" Val="simulation"/>
      </FileInfo>
    </File>
    <File Path="$PSRCDIR/sources_1/imports/Desktop/lab7_clks.v">
      <FileInfo>
        <Attr Name="ImportPath" Val="$PPRDIR/../../../../../../../../../../../../../../../../../../../../../../../../../../../../../../../../../../../../../lab7_clks.v"/>
        <Attr Name="ImportTime" Val="1511828579"/>
        <Attr Name="UsedIn" Val="synthesis"/>
        <Attr Name="UsedIn" Val="implementation"/>
        <Attr Name="UsedIn" Val="simulation"/>
      </FileInfo>
    </File>
    <File Path="$PSRCDIR/sources_1/new/targetCreator.v">
      <FileInfo>
        <Attr Name="ImportPath" Val="$PPRDIR/../../../../../../../../Lab7.srcs/sources_1/new/targetCreator.v"/>
        <Attr Name="ImportTime" Val="1512077604"/>
        <Attr Name="UsedIn" Val="synthesis"/>
        <Attr Name="UsedIn" Val="implementation"/>
        <Attr Name="UsedIn" Val="simulation"/>
      </FileInfo>
    </File>
    <File Path="$PSRCDIR/sources_1/new/LFSR.v">
      <FileInfo>
        <Attr Name="ImportPath" Val="$PPRDIR/../../../../../../../../../../../../../../../../Lab7.srcs/sources_1/new/LFSR.v"/>
        <Attr Name="ImportTime" Val="1511989187"/>
        <Attr Name="UsedIn" Val="synthesis"/>
        <Attr Name="UsedIn" Val="implementation"/>
        <Attr Name="UsedIn" Val="simulation"/>
      </FileInfo>
    </File>
    <File Path="$PSRCDIR/sources_1/new/TimeCounter.v">
      <FileInfo>
        <Attr Name="ImportPath" Val="$PPRDIR/../../../../../../../../../../../../../../../../Lab7.srcs/sources_1/new/TimeCounter.v"/>
        <Attr Name="ImportTime" Val="1511903443"/>
        <Attr Name="UsedIn" Val="synthesis"/>
        <Attr Name="UsedIn" Val="implementation"/>
        <Attr Name="UsedIn" Val="simulation"/>
      </FileInfo>
    </File>
    <File Path="$PSRCDIR/sources_1/new/BallUpStateMachineTop.v">
      <FileInfo>
        <Attr Name="ImportPath" Val="$PPRDIR/../../../../../../../../../../../../../../../../Lab7.srcs/sources_1/new/BallUpStateMachineTop.v"/>
        <Attr Name="ImportTime" Val="1511907717"/>
        <Attr Name="UsedIn" Val="synthesis"/>
        <Attr Name="UsedIn" Val="implementation"/>
        <Attr Name="UsedIn" Val="simulation"/>
      </FileInfo>
    </File>
    <File Path="$PSRCDIR/sources_1/new/BallLeftStateMachineTop.v">
      <FileInfo>
        <Attr Name="ImportPath" Val="$PPRDIR/../../../../../../../../../../../../../../../../Lab7.srcs/sources_1/new/BallLeftStateMachineTop.v"/>
        <Attr Name="ImportTime" Val="1511907518"/>
        <Attr Name="UsedIn" Val="synthesis"/>
        <Attr Name="UsedIn" Val="implementation"/>
        <Attr Name="UsedIn" Val="simulation"/>
      </FileInfo>
    </File>
    <File Path="$PSRCDIR/sources_1/new/VGAController.v">
      <FileInfo>
        <Attr Name="ImportPath" Val="$PPRDIR/../../../../../../../../../../../../../../../../../../../../../../../../../../../../../../../../../../../../../../../../../../../../../../../../../../../../Lab7/Lab7.srcs/sources_1/new/VGAController.v"/>
        <Attr Name="ImportTime" Val="1511302527"/>
        <Attr Name="UsedIn" Val="synthesis"/>
        <Attr Name="UsedIn" Val="implementation"/>
        <Attr Name="UsedIn" Val="simulation"/>
      </FileInfo>
    </File>
    <File Path="$PSRCDIR/sources_1/new/Lab7Top.v">
      <FileInfo>
        <Attr Name="ImportPath" Val="$PPRDIR/../../../../../../../../../../../../../../../../../../../../../../../../../../../../../../../../../../../../../../../../../../../../../../../../../../../../Lab7/Lab7.srcs/sources_1/new/Lab7Top.v"/>
        <Attr Name="ImportTime" Val="1511304088"/>
        <Attr Name="UsedIn" Val="synthesis"/>
        <Attr Name="UsedIn" Val="implementation"/>
        <Attr Name="UsedIn" Val="simulation"/>
      </FileInfo>
    </File>
    <File Path="$PSRCDIR/sources_1/new/count3L.v">
      <FileInfo>
        <Attr Name="AutoDisabled" Val="1"/>
        <Attr Name="ImportPath" Val="$PPRDIR/../../../../Lab7.srcs/sources_1/new/count3L.v"/>
        <Attr Name="ImportTime" Val="1512079412"/>
        <Attr Name="UsedIn" Val="synthesis"/>
        <Attr Name="UsedIn" Val="implementation"/>
        <Attr Name="UsedIn" Val="simulation"/>
      </FileInfo>
    </File>
    <File Path="$PSRCDIR/sources_1/new/m8_1e.v">
      <FileInfo>
        <Attr Name="AutoDisabled" Val="1"/>
        <Attr Name="ImportPath" Val="$PPRDIR/../../../../Lab7.srcs/sources_1/new/m8_1e.v"/>
        <Attr Name="ImportTime" Val="1512078939"/>
        <Attr Name="UsedIn" Val="synthesis"/>
        <Attr Name="UsedIn" Val="implementation"/>
        <Attr Name="UsedIn" Val="simulation"/>
      </FileInfo>
    </File>
    <File Path="$PSRCDIR/sources_1/new/count4L.v">
      <FileInfo>
        <Attr Name="AutoDisabled" Val="1"/>
        <Attr Name="ImportPath" Val="$PPRDIR/../../../../Lab7.srcs/sources_1/new/count4L.v"/>
        <Attr Name="ImportTime" Val="1512082184"/>
        <Attr Name="UsedIn" Val="synthesis"/>
        <Attr Name="UsedIn" Val="implementation"/>
        <Attr Name="UsedIn" Val="simulation"/>
      </FileInfo>
    </File>
    <File Path="$PSRCDIR/sources_1/imports/Desktop/Lab7/archive_project_summary.txt">
      <FileInfo>
        <Attr Name="ImportPath" Val="$PPRDIR/../../../../../../../../../../../../../../../../../../../../../../../../../../../../../../../../../../../../archive_project_summary.txt"/>
        <Attr Name="ImportTime" Val="1511827710"/>
      </FileInfo>
    </File>
    <File Path="$PSRCDIR/sources_1/imports/Lab7/archive_project_summary.txt">
      <FileInfo>
        <Attr Name="ImportPath" Val="$PPRDIR/../../../../archive_project_summary.txt"/>
        <Attr Name="ImportTime" Val="1512077614"/>
      </FileInfo>
    </File>
    <Config>
      <Option Name="DesignMode" Val="RTL"/>
      <Option Name="TopModule" Val="Lab7Top"/>
      <Option Name="TopAutoSet" Val="TRUE"/>
    </Config>
  </FileSet>
  <FileSet Name="constrs_in" Type="Constrs" RelSrcDir="$PSRCDIR/constrs_1">
    <Filter Type="Constrs"/>
    <File Path="$PSRCDIR/constrs_1/imports/Vivado Basys3 Files/Basys3_Master.xdc">
      <FileInfo>
        <Attr Name="ImportPath" Val="$PPRDIR/../../../../../../../../../../../../../../../../../../../../../../../../../../../../../../../../../../../../../../../../../../../../../../../../../../../../Desktop/Vivado Basys3 Files/Basys3_Master.xdc"/>
        <Attr Name="ImportTime" Val="1511302529"/>
        <Attr Name="UsedIn" Val="synthesis"/>
        <Attr Name="UsedIn" Val="implementation"/>
      </FileInfo>
    </File>
    <Config>
      <Option Name="ConstrsType" Val="XDC"/>
    </Config>
  </FileSet>
  <Strategy Version="1" Minor="2">
    <StratHandle Name="Vivado Implementation Defaults" Flow="Vivado Implementation 2016"/>
    <Step Id="init_design"/>
    <Step Id="opt_design"/>
    <Step Id="power_opt_design"/>
    <Step Id="place_design"/>
    <Step Id="post_place_power_opt_design"/>
    <Step Id="phys_opt_design"/>
    <Step Id="route_design"/>
    <Step Id="post_route_phys_opt_design"/>
    <Step Id="write_bitstream"/>
  </Strategy>
</GenRun>
