<?xml version="1.0" encoding="UTF-8"?>
<GenRun Id="impl_1" LaunchPart="xc7a35tcpg236-1" LaunchTime="1510945988">
  <File Type="ROUTE-PWR-RPX" Name="Lab6Top_power_routed.rpx"/>
  <File Type="PA-TCL" Name="Lab6Top.tcl"/>
  <File Type="INIT-TIMING" Name="Lab6Top_timing_summary_init.rpt"/>
  <File Type="OPT-METHODOLOGY-DRC" Name="Lab6Top_methodology_drc_opted.rpt"/>
  <File Type="PWROPT-DRC" Name="Lab6Top_drc_pwropted.rpt"/>
  <File Type="RDI-RDI" Name="Lab6Top.vdi"/>
  <File Type="OPT-DCP" Name="Lab6Top_opt.dcp"/>
  <File Type="OPT-HWDEF" Name="Lab6Top.hwdef"/>
  <File Type="OPT-DRC" Name="Lab6Top_drc_opted.rpt"/>
  <File Type="OPT-TIMING" Name="Lab6Top_timing_summary_opted.rpt"/>
  <File Type="PWROPT-DCP" Name="Lab6Top_pwropt.dcp"/>
  <File Type="PWROPT-TIMING" Name="Lab6Top_timing_summary_pwropted.rpt"/>
  <File Type="PLACE-DCP" Name="Lab6Top_placed.dcp"/>
  <File Type="PLACE-IO" Name="Lab6Top_io_placed.rpt"/>
  <File Type="PLACE-CLK" Name="Lab6Top_clock_utilization_placed.rpt"/>
  <File Type="PLACE-UTIL" Name="Lab6Top_utilization_placed.rpt"/>
  <File Type="PLACE-UTIL-PB" Name="Lab6Top_utilization_placed.pb"/>
  <File Type="PLACE-CTRL" Name="Lab6Top_control_sets_placed.rpt"/>
  <File Type="PLACE-SIMILARITY" Name="Lab6Top_incremental_reuse_placed.rpt"/>
  <File Type="PLACE-PRE-SIMILARITY" Name="Lab6Top_incremental_reuse_pre_placed.rpt"/>
  <File Type="PLACE-TIMING" Name="Lab6Top_timing_summary_placed.rpt"/>
  <File Type="POSTPLACE-PWROPT-DCP" Name="Lab6Top_postplace_pwropt.dcp"/>
  <File Type="POSTPLACE-PWROPT-TIMING" Name="Lab6Top_timing_summary_postplace_pwropted.rpt"/>
  <File Type="PHYSOPT-DCP" Name="Lab6Top_physopt.dcp"/>
  <File Type="PHYSOPT-DRC" Name="Lab6Top_drc_physopted.rpt"/>
  <File Type="PHYSOPT-TIMING" Name="Lab6Top_timing_summary_physopted.rpt"/>
  <File Type="ROUTE-ERROR-DCP" Name="Lab6Top_routed_error.dcp"/>
  <File Type="ROUTE-DCP" Name="Lab6Top_routed.dcp"/>
  <File Type="ROUTE-BLACKBOX-DCP" Name="Lab6Top_routed_bb.dcp"/>
  <File Type="ROUTE-DRC" Name="Lab6Top_drc_routed.rpt"/>
  <File Type="ROUTE-DRC-PB" Name="Lab6Top_drc_routed.pb"/>
  <File Type="ROUTE-DRC-RPX" Name="Lab6Top_drc_routed.rpx"/>
  <File Type="BG-BIN" Name="Lab6Top.bin"/>
  <File Type="ROUTE-METHODOLOGY-DRC" Name="Lab6Top_methodology_drc_routed.rpt"/>
  <File Type="BG-DRC" Name="Lab6Top.drc"/>
  <File Type="ROUTE-METHODOLOGY-DRC-RPX" Name="Lab6Top_methodology_drc_routed.rpx"/>
  <File Type="BITSTR-MSK" Name="Lab6Top.msk"/>
  <File Type="ROUTE-METHODOLOGY-DRC-PB" Name="Lab6Top_methodology_drc_routed.pb"/>
  <File Type="BG-BGN" Name="Lab6Top.bgn"/>
  <File Type="ROUTE-PWR" Name="Lab6Top_power_routed.rpt"/>
  <File Type="ROUTE-PWR-SUM" Name="Lab6Top_power_summary_routed.pb"/>
  <File Type="ROUTE-STATUS" Name="Lab6Top_route_status.rpt"/>
  <File Type="ROUTE-STATUS-PB" Name="Lab6Top_route_status.pb"/>
  <File Type="ROUTE-TIMINGSUMMARY" Name="Lab6Top_timing_summary_routed.rpt"/>
  <File Type="ROUTE-TIMING-PB" Name="Lab6Top_timing_summary_routed.pb"/>
  <File Type="ROUTE-TIMING-RPX" Name="Lab6Top_timing_summary_routed.rpx"/>
  <File Type="ROUTE-SIMILARITY" Name="Lab6Top_incremental_reuse_routed.rpt"/>
  <File Type="ROUTE-CLK" Name="Lab6Top_clock_utilization_routed.rpt"/>
  <File Type="POSTROUTE-PHYSOPT-DCP" Name="Lab6Top_postroute_physopt.dcp"/>
  <File Type="POSTROUTE-PHYSOPT-BLACKBOX-DCP" Name="Lab6Top_postroute_physopt_bb.dcp"/>
  <File Type="POSTROUTE-PHYSOPT-TIMING" Name="Lab6Top_timing_summary_postroute_physopted.rpt"/>
  <File Type="POSTROUTE-PHYSOPT-TIMING-PB" Name="Lab6Top_timing_summary_postroute_physopted.pb"/>
  <File Type="POSTROUTE-PHYSOPT-TIMING-RPX" Name="Lab6Top_timing_summary_postroute_physopted.rpx"/>
  <File Type="BG-BIT" Name="Lab6Top.bit"/>
  <File Type="BITSTR-RBT" Name="Lab6Top.rbt"/>
  <File Type="BITSTR-NKY" Name="Lab6Top.nky"/>
  <File Type="BITSTR-BMM" Name="Lab6Top_bd.bmm"/>
  <File Type="BITSTR-MMI" Name="Lab6Top.mmi"/>
  <File Type="BITSTR-SYSDEF" Name="Lab6Top.sysdef"/>
  <File Type="WBT-USG" Name="usage_statistics_webtalk.html"/>
  <FileSet Name="sources" Type="DesignSrcs" RelSrcDir="$PSRCDIR/sources_1">
    <Filter Type="Srcs"/>
    <File Path="$PSRCDIR/sources_1/imports/new/m4_1e.v">
      <FileInfo>
        <Attr Name="ImportPath" Val="$PPRDIR/../../../../../../../../../../../../Lab6Take2.srcs/sim_1/new/m4_1e.v"/>
        <Attr Name="ImportTime" Val="1510880956"/>
        <Attr Name="UsedIn" Val="synthesis"/>
        <Attr Name="UsedIn" Val="implementation"/>
        <Attr Name="UsedIn" Val="simulation"/>
      </FileInfo>
    </File>
    <File Path="$PSRCDIR/sources_1/new/stateMachineLogic.v">
      <FileInfo>
        <Attr Name="ImportPath" Val="$PPRDIR/../../../../../../../../../../../../../../../../../../../../Desktop/Done/Lab6Take2/Lab6Take2.srcs/sources_1/new/stateMachineLogic.v"/>
        <Attr Name="ImportTime" Val="1510869932"/>
        <Attr Name="UsedIn" Val="synthesis"/>
        <Attr Name="UsedIn" Val="implementation"/>
        <Attr Name="UsedIn" Val="simulation"/>
      </FileInfo>
    </File>
    <File Path="$PSRCDIR/sources_1/new/m8_1e.v">
      <FileInfo>
        <Attr Name="ImportPath" Val="$PPRDIR/../../../../Lab6Take2.srcs/sources_1/new/m8_1e.v"/>
        <Attr Name="ImportTime" Val="1510873569"/>
        <Attr Name="UsedIn" Val="synthesis"/>
        <Attr Name="UsedIn" Val="implementation"/>
        <Attr Name="UsedIn" Val="simulation"/>
      </FileInfo>
    </File>
    <File Path="$PSRCDIR/sources_1/new/TurkeyCounter4.v">
      <FileInfo>
        <Attr Name="ImportPath" Val="$PPRDIR/../../../../../../../../../../../../../../../../../../../../Desktop/Done/Lab6Take2/Lab6Take2.srcs/sources_1/new/TurkeyCounter4.v"/>
        <Attr Name="ImportTime" Val="1510866029"/>
        <Attr Name="UsedIn" Val="synthesis"/>
        <Attr Name="UsedIn" Val="implementation"/>
        <Attr Name="UsedIn" Val="simulation"/>
      </FileInfo>
    </File>
    <File Path="$PSRCDIR/sources_1/imports/Desktop/lab6_clks.v">
      <FileInfo>
        <Attr Name="ImportPath" Val="$PPRDIR/../../../../../../../../../../../../../../../../../../../../Desktop/lab6_clks.v"/>
        <Attr Name="ImportTime" Val="1510855157"/>
        <Attr Name="UsedIn" Val="synthesis"/>
        <Attr Name="UsedIn" Val="implementation"/>
        <Attr Name="UsedIn" Val="simulation"/>
      </FileInfo>
    </File>
    <File Path="$PSRCDIR/sources_1/imports/new/timeCounter.v">
      <FileInfo>
        <Attr Name="ImportPath" Val="$PPRDIR/../../../../../../../../../../../../../../../../../../../../Desktop/Done/Lab6Take2/Lab6Take2.srcs/sim_1/new/timeCounter.v"/>
        <Attr Name="ImportTime" Val="1510866399"/>
        <Attr Name="UsedIn" Val="synthesis"/>
        <Attr Name="UsedIn" Val="implementation"/>
        <Attr Name="UsedIn" Val="simulation"/>
      </FileInfo>
    </File>
    <File Path="$PSRCDIR/sources_1/imports/new/stateMachineTop.v">
      <FileInfo>
        <Attr Name="ImportPath" Val="$PPRDIR/../../../../../../../../../../../../../../../../../../../../Desktop/Done/Lab6Take2/Lab6Take2.srcs/sim_1/new/stateMachineTop.v"/>
        <Attr Name="ImportTime" Val="1510866599"/>
        <Attr Name="UsedIn" Val="synthesis"/>
        <Attr Name="UsedIn" Val="implementation"/>
        <Attr Name="UsedIn" Val="simulation"/>
      </FileInfo>
    </File>
    <File Path="$PSRCDIR/sources_1/new/TurkeyCounter8.v">
      <FileInfo>
        <Attr Name="ImportPath" Val="$PPRDIR/../../../../../../../../../../../../../../../../../../../../Desktop/Done/Lab6Take2/Lab6Take2.srcs/sources_1/new/TurkeyCounter8.v"/>
        <Attr Name="ImportTime" Val="1510866289"/>
        <Attr Name="UsedIn" Val="synthesis"/>
        <Attr Name="UsedIn" Val="implementation"/>
        <Attr Name="UsedIn" Val="simulation"/>
      </FileInfo>
    </File>
    <File Path="$PSRCDIR/sources_1/new/hex7seg.v">
      <FileInfo>
        <Attr Name="ImportPath" Val="$PPRDIR/../../../../Lab6Take2.srcs/sources_1/new/hex7seg.v"/>
        <Attr Name="ImportTime" Val="1510875316"/>
        <Attr Name="UsedIn" Val="synthesis"/>
        <Attr Name="UsedIn" Val="implementation"/>
        <Attr Name="UsedIn" Val="simulation"/>
      </FileInfo>
    </File>
    <File Path="$PSRCDIR/sources_1/new/selector.v">
      <FileInfo>
        <Attr Name="ImportPath" Val="$PPRDIR/../../../../Lab6Take2.srcs/sources_1/new/selector.v"/>
        <Attr Name="ImportTime" Val="1510873574"/>
        <Attr Name="UsedIn" Val="synthesis"/>
        <Attr Name="UsedIn" Val="implementation"/>
        <Attr Name="UsedIn" Val="simulation"/>
      </FileInfo>
    </File>
    <File Path="$PSRCDIR/sources_1/new/ringCounter.v">
      <FileInfo>
        <Attr Name="ImportPath" Val="$PPRDIR/../../../../Lab6Take2.srcs/sources_1/new/ringCounter.v"/>
        <Attr Name="ImportTime" Val="1510873572"/>
        <Attr Name="UsedIn" Val="synthesis"/>
        <Attr Name="UsedIn" Val="implementation"/>
        <Attr Name="UsedIn" Val="simulation"/>
      </FileInfo>
    </File>
    <File Path="$PSRCDIR/sources_1/new/FullAdder.v">
      <FileInfo>
        <Attr Name="ImportPath" Val="$PPRDIR/../../../../Lab6Take2.srcs/sources_1/new/FullAdder.v"/>
        <Attr Name="ImportTime" Val="1510894009"/>
        <Attr Name="UsedIn" Val="synthesis"/>
        <Attr Name="UsedIn" Val="implementation"/>
        <Attr Name="UsedIn" Val="simulation"/>
      </FileInfo>
    </File>
    <File Path="$PSRCDIR/sources_1/new/m2_1x8.v">
      <FileInfo>
        <Attr Name="ImportPath" Val="$PPRDIR/../../../../Lab6Take2.srcs/sources_1/new/m2_1x8.v"/>
        <Attr Name="ImportTime" Val="1510894356"/>
        <Attr Name="UsedIn" Val="synthesis"/>
        <Attr Name="UsedIn" Val="implementation"/>
        <Attr Name="UsedIn" Val="simulation"/>
      </FileInfo>
    </File>
    <File Path="$PSRCDIR/sources_1/new/Lab6Top.v">
      <FileInfo>
        <Attr Name="ImportPath" Val="$PPRDIR/../../../../Lab6Take2.srcs/sources_1/new/Lab6Top.v"/>
        <Attr Name="ImportTime" Val="1510881095"/>
        <Attr Name="UsedIn" Val="synthesis"/>
        <Attr Name="UsedIn" Val="implementation"/>
        <Attr Name="UsedIn" Val="simulation"/>
      </FileInfo>
    </File>
    <File Path="$PSRCDIR/sources_1/new/count3L.v">
      <FileInfo>
        <Attr Name="AutoDisabled" Val="1"/>
        <Attr Name="ImportPath" Val="$PPRDIR/../../../../Lab6Take2.srcs/sources_1/new/count3L.v"/>
        <Attr Name="ImportTime" Val="1510886700"/>
        <Attr Name="UsedIn" Val="synthesis"/>
        <Attr Name="UsedIn" Val="implementation"/>
        <Attr Name="UsedIn" Val="simulation"/>
      </FileInfo>
    </File>
    <File Path="$PSRCDIR/sources_1/imports/Lab6Take2/archive_project_summary.txt">
      <FileInfo>
        <Attr Name="ImportPath" Val="$PPRDIR/../../../../archive_project_summary.txt"/>
        <Attr Name="ImportTime" Val="1510938633"/>
      </FileInfo>
    </File>
    <Config>
      <Option Name="DesignMode" Val="RTL"/>
      <Option Name="TopModule" Val="Lab6Top"/>
      <Option Name="TopAutoSet" Val="TRUE"/>
    </Config>
  </FileSet>
  <FileSet Name="constrs_in" Type="Constrs" RelSrcDir="$PSRCDIR/constrs_1">
    <Filter Type="Constrs"/>
    <File Path="$PSRCDIR/constrs_1/imports/Desktop/Basys3_Master.xdc">
      <FileInfo>
        <Attr Name="ImportPath" Val="$PPRDIR/../../../../../../../../../../../../../../../../../../../../Desktop/Basys3_Master.xdc"/>
        <Attr Name="ImportTime" Val="1506983564"/>
        <Attr Name="UsedIn" Val="synthesis"/>
        <Attr Name="UsedIn" Val="implementation"/>
      </FileInfo>
    </File>
    <Config>
      <Option Name="ConstrsType" Val="XDC"/>
    </Config>
  </FileSet>
  <Strategy Version="1" Minor="2">
    <StratHandle Name="Vivado Implementation Defaults" Flow="Vivado Implementation 2016"/>
    <Step Id="init_design"/>
    <Step Id="opt_design"/>
    <Step Id="power_opt_design"/>
    <Step Id="place_design"/>
    <Step Id="post_place_power_opt_design"/>
    <Step Id="phys_opt_design"/>
    <Step Id="route_design"/>
    <Step Id="post_route_phys_opt_design"/>
    <Step Id="write_bitstream"/>
  </Strategy>
</GenRun>
